# A, B, C, D, E
0.020,2.673,0.741,-2.565,-2.878
0.000,0.308,-0.606,-0.414,-0.661
0.000,0.086,0.162,-0.558,-0.352
0.000,0.000,0.000,0.000,0.000
0.005,0.018,-0.020,-0.364,-0.272
0.005,0.010,0.343,-0.490,-0.697
0.010,0.000,0.288,-0.096,-0.399
0.015,0.020,-1.157,-0.753,-0.926
0.010,0.000,0.035,-0.258,-0.302
0.005,0.010,0.020,-1.152,-0.743
0.000,0.013,-0.308,-0.212,-0.268
0.030,0.005,-0.515,-0.480,-0.632
0.005,0.000,0.197,-0.111,-0.100
0.104,0.013,-0.813,-0.379,-0.888
0.010,0.015,-0.399,-0.247,-0.241
0.000,0.000,0.000,0.000,0.000
0.005,0.000,0.419,-0.333,-0.468
0.066,0.010,-0.485,-0.348,-0.535
0.000,0.000,0.000,0.000,0.000
0.157,0.005,-0.682,-0.197,-0.828
0.222,0.015,-0.535,-0.429,-0.758
0.583,0.025,-1.439,-1.179,-1.607
0.162,0.000,-0.414,-0.449,-0.414
0.220,0.023,-0.833,-0.578,-0.566
0.616,0.051,-1.359,-1.561,-1.320
0.247,0.027,-0.732,-0.997,-1.018
0.384,0.005,-0.253,-1.308,-1.382
0.547,0.081,-1.594,-2.215,-2.404
0.439,0.025,-0.672,-0.864,-1.185
0.657,0.076,-1.838,-2.000,-1.743
1.534,0.103,-2.460,-2.320,-2.903
1.110,0.083,-2.154,-1.894,-2.156
0.988,0.057,-1.611,-1.914,-1.805
1.416,0.072,-1.742,-1.746,-1.654
1.369,0.063,-1.746,-1.673,-2.487
1.221,0.068,-1.772,-1.118,-1.564
2.227,0.119,-2.712,-2.136,-2.767
1.167,0.118,-2.311,-1.903,-1.919
1.759,0.140,-2.356,-2.241,-2.295
1.888,0.102,-1.637,-1.814,-2.791
1.504,0.110,-1.511,-1.626,-1.317
1.772,0.161,-2.449,-1.740,-2.580
2.042,0.135,-2.183,-2.375,-2.383
1.528,0.155,-2.293,-2.624,-3.246
1.966,0.169,-2.260,-2.868,-2.859
2.209,0.167,-2.050,-1.632,-2.402
2.262,0.187,-2.426,-2.862,-3.220
1.684,0.160,-1.722,-2.212,-2.320
2.070,0.237,-2.565,-2.520,-2.759
2.031,0.158,-2.098,-2.529,-2.769
1.843,0.216,-2.168,-2.162,-2.526
1.537,0.198,-1.999,-2.132,-2.364
1.532,0.189,-1.925,-1.949,-2.337
2.718,0.210,-1.891,-2.869,-2.659
2.656,0.323,-3.207,-2.755,-2.801
2.143,0.223,-1.975,-1.587,-2.907
2.646,0.344,-3.128,-2.601,-3.144
2.660,0.272,-2.399,-2.593,-3.420
2.024,0.181,-1.561,-1.778,-2.510
2.429,0.312,-2.522,-2.604,-2.336
2.068,0.260,-1.937,-2.345,-2.690
2.007,0.268,-2.101,-1.645,-2.297
1.862,0.287,-2.003,-2.529,-2.694
2.098,0.327,-2.253,-2.243,-2.319
2.381,0.362,-2.490,-2.727,-3.060
2.659,0.277,-1.873,-2.947,-2.911
2.122,0.286,-1.954,-2.412,-2.033
2.396,0.298,-1.816,-2.403,-2.335
2.242,0.342,-2.179,-1.638,-2.986
2.858,0.452,-2.698,-2.173,-3.099
2.390,0.431,-2.603,-2.478,-2.362
2.282,0.227,-1.270,-1.984,-2.176
1.935,0.270,-1.663,-1.999,-2.682
2.591,0.323,-1.898,-2.178,-3.290
1.980,0.332,-1.852,-2.181,-2.694
3.252,0.362,-1.967,-2.536,-3.822
2.243,0.284,-1.590,-1.984,-2.108
2.005,0.369,-2.121,-2.131,-2.301
2.425,0.455,-2.445,-2.479,-2.948
2.024,0.350,-1.843,-2.002,-2.332
2.300,0.313,-1.685,-2.423,-3.301
2.792,0.490,-2.499,-2.844,-3.419
2.402,0.527,-2.635,-2.039,-3.012
2.085,0.449,-1.959,-2.351,-2.979
2.171,0.462,-2.202,-2.691,-2.786
2.352,0.525,-2.407,-1.913,-2.923
1.884,0.552,-2.434,-2.259,-2.877
2.118,0.396,-1.838,-2.579,-3.100
2.261,0.388,-1.632,-2.713,-3.730
2.456,0.506,-2.352,-2.057,-2.700
2.795,0.495,-2.081,-2.358,-2.913
2.096,0.504,-2.219,-2.259,-2.684
2.499,0.573,-2.436,-2.872,-2.922
2.473,0.560,-2.332,-2.769,-3.149
1.943,0.438,-1.730,-1.935,-2.759
3.515,0.697,-2.755,-2.665,-3.162
2.775,0.489,-2.197,-2.010,-2.649
2.293,0.475,-1.847,-2.298,-3.203
2.736,0.693,-2.538,-3.058,-2.825
2.446,0.759,-3.005,-2.777,-3.175
3.062,0.654,-2.522,-2.592,-3.035
2.200,0.427,-1.692,-2.093,-2.709
2.119,0.532,-2.031,-2.162,-3.065
2.645,0.715,-2.705,-1.955,-3.228
2.456,0.612,-2.350,-2.080,-2.697
2.306,0.697,-2.498,-2.205,-2.376
2.141,0.690,-2.437,-2.499,-2.406
2.280,0.742,-2.700,-2.695,-3.139
2.221,0.424,-1.127,-2.807,-3.068
2.630,0.678,-2.317,-3.111,-3.000
1.863,0.596,-1.836,-2.663,-2.602
2.527,0.778,-2.727,-2.678,-2.541
2.544,0.533,-1.701,-2.621,-2.926
2.757,0.563,-1.774,-2.369,-2.764
2.694,0.553,-1.816,-2.584,-2.971
2.048,0.577,-1.741,-1.878,-2.188
2.879,0.849,-2.768,-2.939,-2.537
3.022,0.680,-2.099,-2.481,-3.090
2.342,0.825,-2.627,-2.586,-3.110
1.890,0.664,-2.030,-2.799,-2.907
2.303,0.833,-2.552,-1.955,-2.889
2.310,0.733,-2.164,-2.154,-2.780
2.622,0.649,-1.790,-2.502,-2.982
1.773,0.720,-2.078,-2.684,-2.702
2.932,0.897,-2.697,-2.472,-2.975
2.765,0.855,-2.562,-2.273,-2.892
1.891,0.959,-2.769,-2.587,-3.198
2.441,0.874,-2.427,-2.830,-2.792
3.023,0.748,-2.212,-1.604,-2.770
2.156,0.512,-1.062,-2.805,-3.026
1.958,0.696,-1.959,-2.446,-2.324
2.243,0.922,-2.843,-1.791,-2.920
2.409,0.895,-2.512,-2.690,-2.884
2.367,0.736,-1.895,-2.671,-2.786
2.405,1.018,-2.866,-2.477,-3.005
2.788,0.865,-2.153,-2.601,-3.052
2.155,0.863,-2.268,-2.404,-2.646
1.783,0.655,-1.538,-2.064,-2.398
2.501,0.843,-2.205,-2.504,-2.808
3.088,0.949,-2.381,-2.563,-2.913
2.168,0.645,-1.555,-2.008,-2.782
2.488,0.845,-2.087,-2.730,-2.974
1.783,0.845,-2.179,-2.576,-2.884
1.840,1.161,-2.939,-2.198,-2.502
2.773,1.045,-2.418,-2.782,-2.731
2.759,1.046,-2.531,-2.763,-2.564
2.508,0.992,-2.428,-2.552,-2.796
2.209,0.874,-2.052,-2.588,-2.394
2.218,0.864,-2.083,-2.303,-2.640
2.244,0.980,-2.281,-2.533,-2.714
2.368,1.117,-2.641,-2.484,-2.933
1.994,0.831,-1.656,-2.885,-2.809
1.932,0.817,-1.880,-2.192,-2.865
2.505,0.909,-2.013,-2.900,-2.171
2.063,0.910,-2.053,-2.311,-2.789
2.647,0.956,-2.217,-2.029,-2.773
2.394,0.914,-1.798,-2.851,-3.277
2.663,0.926,-1.846,-2.748,-3.307
2.207,1.166,-2.582,-2.482,-2.989
2.793,1.067,-2.323,-2.463,-3.115
2.342,0.891,-1.840,-2.735,-2.516
2.908,1.081,-2.176,-2.598,-3.206
2.628,1.090,-2.320,-1.778,-3.102
2.331,1.263,-2.682,-2.686,-3.197
2.185,1.205,-2.558,-2.416,-3.370
1.891,1.133,-2.140,-2.763,-2.579
2.246,0.955,-1.842,-2.329,-2.477
2.403,1.085,-2.064,-2.237,-3.271
2.032,0.870,-1.621,-2.284,-2.670
2.515,0.864,-1.597,-2.454,-3.014
1.992,0.906,-1.733,-2.250,-2.653
2.281,1.331,-2.599,-2.410,-2.961
2.532,1.062,-2.036,-2.487,-2.824
3.165,1.228,-2.483,-2.571,-3.048
2.961,1.246,-2.477,-2.385,-3.131
2.215,0.858,-1.437,-2.204,-3.102
2.689,1.282,-2.529,-2.071,-3.213
2.607,1.472,-2.828,-2.340,-2.972
2.224,1.194,-2.031,-2.573,-2.972
2.456,0.967,-1.702,-2.016,-2.525
2.113,1.207,-2.120,-2.458,-2.812
2.155,1.151,-1.914,-2.231,-2.804
2.787,0.999,-1.479,-2.677,-3.059
2.272,1.103,-1.763,-2.678,-2.895
2.431,1.323,-2.187,-2.954,-3.261
2.660,1.173,-2.071,-2.282,-2.624
2.526,1.153,-1.828,-2.687,-2.698
2.437,1.522,-2.519,-3.098,-2.947
2.711,1.043,-1.537,-2.544,-3.485
2.206,1.321,-2.062,-2.436,-3.060
2.247,1.035,-1.584,-2.337,-2.885
2.616,1.296,-1.968,-2.575,-3.045
2.391,1.294,-2.147,-2.304,-3.061
2.782,1.621,-2.689,-2.747,-3.009
2.619,1.744,-2.852,-2.800,-3.249
3.117,1.585,-2.809,-1.878,-2.974
2.067,1.051,-1.426,-2.466,-3.076
2.310,1.461,-2.128,-3.190,-3.301
1.864,1.146,-1.503,-2.810,-2.908
2.365,1.189,-1.681,-2.308,-2.731
2.513,1.452,-2.268,-2.229,-2.811
2.657,1.768,-2.760,-2.934,-2.963
1.880,1.212,-1.736,-2.810,-3.073
2.727,1.566,-2.361,-2.701,-3.202
2.266,1.288,-1.692,-2.939,-2.821
2.198,1.006,-1.480,-1.812,-2.285
2.527,1.234,-1.452,-2.998,-2.924
2.286,1.361,-1.924,-2.315,-2.646
2.064,1.449,-1.819,-3.091,-3.106
2.314,1.627,-2.424,-2.574,-3.002
2.244,1.451,-1.961,-2.594,-2.772
2.023,1.101,-1.190,-2.650,-2.592
2.238,1.617,-2.402,-2.520,-3.133
2.630,1.547,-2.143,-2.684,-2.739
1.999,1.347,-1.799,-2.177,-2.594
2.457,1.637,-2.236,-2.770,-3.167
2.053,1.532,-2.043,-2.658,-2.760
3.007,1.494,-2.215,-2.285,-3.157
2.399,1.788,-2.656,-2.310,-3.294
2.640,1.532,-1.939,-2.833,-2.985
2.439,1.557,-1.864,-3.028,-3.293
2.257,1.615,-2.215,-2.420,-3.043
2.391,1.542,-2.002,-2.414,-2.774
2.471,1.625,-2.274,-2.236,-2.822
2.739,1.526,-1.872,-2.679,-2.778
3.039,1.424,-1.707,-2.682,-3.070
2.755,1.726,-2.006,-2.929,-2.733
2.296,1.883,-2.469,-2.741,-2.845
2.227,1.510,-1.969,-2.519,-3.128
2.650,1.641,-2.010,-2.689,-3.048
2.328,1.882,-2.391,-2.836,-2.773
2.745,1.364,-1.263,-2.961,-2.958
2.745,1.998,-2.588,-2.468,-2.969
2.301,1.421,-1.691,-2.210,-2.596
2.266,1.682,-2.188,-2.001,-2.857
2.275,1.327,-1.334,-2.386,-2.559
1.969,1.754,-2.098,-2.627,-2.908
2.235,1.366,-1.408,-2.542,-2.610
2.531,1.772,-2.018,-2.689,-3.003
2.356,1.812,-2.130,-2.552,-3.042
1.959,1.972,-2.237,-3.019,-2.730
2.649,1.806,-2.067,-2.128,-3.200
2.137,1.773,-1.840,-2.786,-3.290
2.976,1.835,-1.932,-2.845,-3.021
2.761,1.684,-1.727,-2.756,-3.033
2.365,1.867,-2.180,-2.563,-3.132
2.674,1.654,-1.553,-2.767,-3.036
2.600,1.958,-2.183,-2.819,-3.036
2.379,1.743,-1.793,-2.726,-2.915
2.352,2.118,-2.414,-2.701,-2.810
2.349,1.917,-2.085,-2.583,-2.522
2.161,1.779,-1.979,-2.297,-3.048
2.766,1.805,-1.714,-2.525,-3.163
2.305,1.505,-1.516,-2.255,-2.515
2.280,1.740,-1.687,-2.670,-3.031
1.937,1.494,-1.674,-1.999,-2.724
2.619,1.868,-1.934,-2.531,-2.873
2.760,1.976,-1.826,-3.221,-3.307
2.408,1.877,-1.821,-2.547,-3.054
2.466,1.720,-1.742,-2.416,-2.908
2.357,1.763,-1.597,-2.946,-2.945
2.598,2.130,-2.234,-2.547,-2.841
2.831,1.949,-1.806,-2.940,-2.746
2.928,1.677,-1.279,-2.978,-3.123
2.714,2.094,-2.025,-2.807,-2.936
2.574,1.906,-1.904,-2.579,-3.215
2.670,1.621,-1.363,-2.673,-3.311
2.841,1.511,-1.136,-2.764,-2.840
2.939,2.229,-2.314,-2.528,-2.983
2.332,2.310,-2.351,-2.598,-2.928
2.509,1.770,-1.789,-2.208,-3.326
2.488,2.115,-2.221,-2.276,-2.977
1.966,2.241,-2.190,-2.513,-3.198
2.399,2.151,-1.945,-2.918,-2.779
2.454,2.039,-1.840,-2.670,-2.981
2.328,2.115,-1.925,-2.659,-3.002
2.200,2.181,-2.181,-2.300,-3.123
2.692,2.068,-1.626,-3.080,-3.008
2.723,1.919,-1.474,-2.721,-2.680
2.136,2.354,-2.223,-2.680,-2.977
2.314,1.885,-1.282,-3.061,-3.039
2.310,2.227,-2.035,-2.442,-3.186
2.418,1.869,-1.507,-2.531,-3.186
2.648,2.414,-2.216,-2.762,-3.126
2.034,1.938,-1.414,-2.959,-3.302
2.416,1.854,-1.337,-3.070,-2.769
2.144,2.322,-1.958,-2.655,-2.852
2.496,1.978,-1.493,-2.530,-2.729
2.283,2.079,-1.707,-2.399,-2.871
2.501,2.112,-1.724,-2.673,-2.843
2.679,1.972,-1.484,-2.462,-2.865
2.810,2.259,-1.546,-3.166,-3.230
2.479,2.267,-1.580,-3.081,-2.923
2.632,1.996,-1.414,-2.597,-2.881
2.595,2.377,-2.226,-2.351,-2.956
2.519,2.191,-1.695,-2.601,-3.211
2.477,2.000,-1.480,-2.595,-3.021
2.636,2.412,-1.723,-3.007,-3.361
1.929,2.418,-2.203,-2.212,-2.850
2.618,1.907,-1.657,-1.844,-2.550
2.361,2.193,-1.393,-2.739,-3.390
2.593,1.854,-1.147,-2.717,-2.884
2.626,2.182,-1.524,-2.643,-2.574
2.427,2.154,-1.558,-2.580,-2.746
2.320,2.288,-1.837,-2.546,-2.955
2.332,2.254,-1.463,-2.940,-2.954
2.684,2.185,-1.529,-2.431,-2.838
3.132,2.110,-1.700,-2.057,-2.681
2.826,2.165,-1.241,-3.075,-2.683
2.797,2.367,-1.758,-2.670,-2.703
2.761,2.331,-1.636,-2.678,-3.097
2.588,1.835,-0.592,-3.212,-2.794
2.378,2.145,-1.318,-2.579,-2.992
2.158,2.089,-1.085,-2.755,-2.518
2.671,2.544,-1.998,-2.485,-2.848
2.409,2.423,-1.764,-2.452,-3.045
2.215,2.266,-1.596,-2.647,-3.107
2.294,2.225,-1.304,-2.658,-3.488
2.532,2.322,-1.711,-2.492,-3.009
1.982,2.154,-1.210,-2.633,-2.858
2.332,2.641,-1.971,-2.728,-2.939
2.390,2.509,-1.760,-2.799,-3.209
2.348,2.559,-1.692,-2.662,-2.728
2.170,2.240,-1.475,-2.285,-3.025
2.549,1.873,-1.314,-1.856,-2.749
2.847,2.272,-1.315,-2.695,-2.900
2.661,2.172,-1.180,-2.650,-3.090
2.737,2.228,-1.242,-2.768,-3.007
2.454,2.490,-1.667,-2.405,-2.887
2.374,2.075,-1.055,-2.633,-2.914
2.640,2.691,-2.087,-2.286,-2.743
2.741,2.427,-1.433,-2.689,-3.091
2.500,2.300,-1.325,-2.386,-3.338
2.890,2.413,-1.304,-2.877,-3.106
2.444,2.178,-1.148,-2.722,-2.928
2.306,2.453,-1.492,-2.655,-2.878
2.595,2.622,-1.485,-2.732,-3.136
2.375,2.041,-1.006,-2.276,-3.302
2.855,2.280,-1.175,-2.391,-3.331
2.641,2.370,-1.116,-2.757,-3.158
2.235,2.315,-1.554,-2.149,-2.878
2.583,2.151,-0.827,-2.819,-3.328
2.557,2.231,-0.909,-2.645,-3.024
2.401,1.933,-0.812,-2.306,-3.049
2.671,2.349,-1.087,-2.431,-3.138
2.831,2.548,-1.303,-2.635,-3.199
2.667,1.952,-0.473,-2.871,-2.831
2.575,2.657,-1.394,-2.717,-3.008
2.612,2.416,-1.069,-2.829,-3.188
2.570,2.718,-1.521,-2.573,-3.046
1.988,2.091,-0.642,-2.722,-3.131
2.650,2.672,-1.287,-2.671,-2.945
2.893,2.817,-1.506,-2.646,-3.217
2.447,2.527,-1.353,-2.388,-2.971
2.583,2.547,-1.331,-2.495,-2.988
2.369,2.403,-0.924,-2.652,-2.977
2.791,2.326,-1.204,-2.059,-3.158
2.809,2.135,-0.817,-2.273,-3.249
2.409,2.674,-1.351,-2.665,-2.988
3.044,2.362,-0.870,-2.721,-3.061
2.549,2.411,-1.076,-2.390,-2.967
2.331,2.043,-0.730,-2.396,-2.776
2.646,2.343,-1.105,-2.233,-2.625
2.776,2.464,-0.907,-2.694,-3.033
2.325,1.948,-0.395,-2.634,-2.887
2.383,2.415,-0.978,-2.399,-3.074
2.530,2.220,-0.773,-2.438,-3.245
2.319,2.648,-1.195,-2.480,-2.769
2.463,2.506,-1.072,-2.438,-3.031
2.729,2.631,-1.194,-2.416,-2.813
2.066,2.356,-0.789,-2.641,-2.956
2.455,2.391,-1.042,-2.229,-3.134
2.778,2.657,-1.211,-2.653,-2.809
2.774,2.553,-0.925,-2.679,-3.082
2.751,2.233,-0.761,-2.411,-3.114
2.234,2.363,-0.787,-2.395,-3.284
2.547,2.580,-0.917,-2.535,-3.332
2.628,2.334,-1.067,-1.959,-2.905
2.550,2.391,-0.809,-2.444,-3.017
2.420,2.712,-0.903,-2.924,-2.964
2.550,2.527,-0.923,-2.388,-2.795
2.645,2.503,-0.694,-2.613,-2.959
2.488,2.365,-0.813,-2.313,-3.185
3.075,2.093,-0.292,-2.586,-3.017
2.566,2.524,-0.907,-2.511,-2.935
2.742,2.538,-0.874,-2.561,-3.002
2.547,2.348,-0.595,-2.588,-3.152
2.830,2.388,-0.597,-2.563,-2.867
2.543,2.217,-0.690,-2.106,-3.242
2.260,2.175,-0.244,-2.661,-3.405
2.547,2.322,-0.594,-2.415,-3.288
2.934,2.561,-0.586,-2.668,-3.175
2.760,2.700,-0.820,-2.542,-2.672
2.466,2.430,-0.635,-2.391,-3.075
2.549,2.516,-0.718,-2.443,-3.075
2.373,2.146,-0.254,-2.505,-2.933
2.636,2.444,-0.837,-2.176,-2.888
2.412,2.488,-0.860,-2.098,-2.853
2.204,2.495,-0.466,-2.794,-2.709
2.717,2.336,-0.713,-2.192,-2.786
2.456,2.658,-0.676,-2.542,-3.004
1.917,2.064,-0.427,-2.061,-2.518
2.933,2.276,-0.181,-2.619,-2.945
2.283,2.415,-0.599,-2.260,-3.058
2.294,2.400,-0.402,-2.431,-3.170
2.706,2.328,-0.313,-2.535,-2.944
2.527,2.383,-0.204,-2.802,-2.954
2.691,2.680,-0.725,-2.453,-3.316
2.565,2.354,-0.065,-2.652,-2.972
2.547,2.161,-0.050,-2.444,-3.267
2.305,2.449,-0.368,-2.350,-3.012
2.462,2.503,-0.411,-2.471,-3.161
2.494,2.554,-0.288,-2.611,-3.028
2.138,2.969,-0.530,-2.895,-3.232
2.642,2.344,-0.175,-2.370,-3.140
2.654,2.496,-0.636,-2.174,-2.981
2.591,2.632,-0.467,-2.419,-2.855
2.595,2.541,-0.350,-2.501,-2.627
2.402,2.432,-0.239,-2.537,-2.984
2.815,2.786,-0.390,-2.784,-3.181
2.250,2.619,-0.186,-2.690,-2.965
2.301,2.554,-0.321,-2.472,-3.279
2.637,2.244,0.259,-2.940,-3.064
2.729,2.556,-0.184,-2.572,-3.316
2.879,2.575,-0.367,-2.341,-3.013
2.579,2.806,-0.618,-2.473,-3.222
2.647,2.539,-0.513,-2.206,-2.933
2.409,1.826,0.474,-2.348,-2.736
2.441,2.130,0.467,-2.725,-3.260
2.431,2.470,-0.028,-2.712,-3.034
2.315,2.474,-0.028,-2.600,-3.000
2.188,2.473,0.126,-2.720,-2.802
2.222,2.743,0.118,-2.952,-3.085
2.402,2.700,-0.352,-2.470,-3.030
2.445,2.907,-0.422,-2.525,-2.958
2.707,2.439,0.105,-2.501,-3.065
2.732,2.566,-0.006,-2.717,-2.852
2.207,2.172,0.438,-2.620,-3.141
2.867,1.993,0.616,-2.773,-3.006
2.214,2.432,0.090,-2.592,-2.991
2.549,2.307,-0.054,-2.262,-2.810
2.493,2.872,-0.139,-2.783,-2.739
2.456,2.560,0.063,-2.486,-3.095
2.713,2.380,0.353,-2.681,-3.019
2.643,2.405,0.196,-2.484,-3.022
2.530,2.228,0.730,-3.132,-2.926
2.483,2.866,-0.344,-2.434,-3.167
2.710,2.123,0.492,-2.656,-2.893
2.569,2.444,0.401,-2.745,-3.099
2.332,2.107,0.612,-2.652,-2.904
2.514,2.730,0.273,-2.838,-3.372
2.237,2.422,-0.001,-2.202,-2.921
2.734,2.580,0.273,-2.762,-3.041
2.091,2.320,0.327,-2.445,-2.634
2.206,2.270,0.043,-2.256,-2.583
2.598,2.697,0.042,-2.436,-3.037
2.092,2.221,0.453,-2.367,-2.561
2.435,2.370,0.256,-2.532,-3.083
2.369,2.372,0.520,-2.628,-3.222
2.574,2.124,0.682,-2.594,-2.900
2.472,2.240,0.736,-2.807,-2.605
2.761,2.324,0.299,-2.443,-2.591
2.465,2.528,0.191,-2.377,-2.915
2.548,2.666,-0.100,-2.138,-3.086
2.477,2.401,0.467,-2.512,-3.080
2.627,2.603,0.332,-2.617,-2.803
2.443,2.583,0.061,-2.227,-2.885
2.551,2.640,0.095,-2.231,-3.208
2.602,2.734,0.240,-2.530,-3.011
2.150,2.481,0.586,-2.620,-2.869
2.378,2.390,0.730,-2.684,-3.087
2.252,2.436,0.715,-2.808,-2.965
2.293,2.630,0.381,-2.664,-2.850
2.570,2.285,0.813,-2.555,-2.918
2.792,2.841,-0.113,-2.169,-3.134
2.919,2.770,0.244,-2.411,-2.900
2.346,2.651,0.241,-2.423,-3.212
2.295,2.667,0.640,-2.668,-3.096
2.407,2.310,0.559,-2.366,-2.861
2.598,2.523,0.567,-2.459,-3.368
2.412,2.268,0.885,-2.659,-3.060
2.298,2.558,0.549,-2.522,-2.840
2.772,2.401,0.579,-2.534,-3.045
2.350,2.944,-0.228,-2.154,-2.838
2.498,2.810,0.167,-2.469,-2.835
2.284,2.626,-0.006,-1.942,-3.034
2.602,2.459,0.418,-2.219,-2.931
2.823,2.436,0.725,-2.576,-3.158
2.663,2.910,0.327,-2.665,-3.159
2.392,2.778,0.241,-2.188,-3.137
2.536,2.637,0.321,-2.360,-2.686
2.507,2.329,0.822,-2.531,-2.776
2.462,2.714,0.836,-2.806,-2.862
2.752,2.428,0.499,-2.334,-2.720
2.775,2.614,0.649,-2.465,-3.041
2.828,2.457,0.917,-2.570,-2.987
2.776,2.638,0.789,-2.735,-2.685
2.348,2.279,1.008,-2.453,-3.049
2.552,2.499,0.872,-2.527,-3.078
2.722,2.668,0.507,-2.314,-2.980
2.751,2.556,0.862,-2.520,-2.905
2.282,2.710,0.500,-2.337,-3.019
2.787,2.727,0.612,-2.346,-3.159
2.699,2.212,1.331,-2.652,-2.826
2.582,2.435,1.093,-2.535,-3.077
2.220,2.653,0.590,-2.349,-3.010
2.310,2.327,0.875,-2.324,-2.978
2.392,2.262,1.080,-2.530,-2.823
2.558,2.386,0.571,-2.100,-2.845
2.566,2.542,1.172,-2.805,-2.918
2.679,2.335,1.332,-2.582,-3.178
2.346,2.757,0.798,-2.541,-2.946
2.510,2.593,1.164,-2.568,-3.248
2.573,2.286,1.130,-2.440,-2.707
2.389,2.304,0.898,-2.235,-2.769
2.443,2.282,1.180,-2.434,-3.010
2.876,2.558,1.017,-2.518,-3.050
2.566,2.363,0.814,-2.205,-2.868
2.814,2.569,1.107,-2.575,-3.058
2.463,2.511,0.782,-2.221,-2.706
2.545,2.675,1.172,-2.843,-2.685
2.574,2.783,1.202,-2.835,-2.939
2.333,1.987,0.877,-1.869,-2.890
2.589,2.407,1.647,-2.806,-3.078
2.600,2.568,1.050,-2.429,-3.006
2.831,2.715,0.983,-2.388,-3.125
2.412,2.328,1.217,-2.357,-2.863
2.616,2.817,0.843,-2.428,-2.868
2.455,2.735,0.938,-2.164,-3.070
2.837,2.715,0.984,-2.416,-2.799
2.165,2.634,1.040,-2.526,-2.933
2.464,2.422,1.550,-2.609,-2.860
2.541,2.822,0.775,-2.295,-3.141
2.236,2.510,1.180,-2.252,-3.116
2.269,2.626,1.161,-2.400,-3.177
3.079,2.315,1.602,-2.596,-2.993
2.566,2.213,1.577,-2.372,-2.983
2.730,2.781,1.007,-2.404,-2.739
2.385,2.803,1.047,-2.472,-2.954
2.740,2.685,1.034,-2.353,-2.886
2.205,2.810,1.414,-2.724,-2.773
2.829,2.601,1.416,-2.546,-3.220
2.530,2.657,1.148,-2.200,-3.199
2.395,2.394,1.790,-2.652,-3.098
2.373,2.470,1.176,-2.169,-2.812
2.350,2.831,1.187,-2.605,-2.823
2.424,2.580,1.492,-2.445,-3.176
2.815,2.595,1.386,-2.299,-3.252
2.588,2.870,1.225,-2.587,-2.791
2.890,2.629,1.270,-2.302,-3.000
2.466,2.521,1.837,-2.692,-3.088
2.563,2.404,1.662,-2.552,-2.852
2.633,2.601,1.492,-2.407,-2.921
2.378,2.897,1.323,-2.520,-2.845
2.509,2.582,1.463,-2.305,-3.076
2.503,2.640,1.022,-2.052,-2.945
2.524,2.960,1.137,-2.296,-3.065
2.601,2.601,1.623,-2.479,-2.988
2.335,2.782,1.469,-2.505,-2.856
2.490,2.550,1.668,-2.475,-3.059
2.791,2.256,1.699,-2.276,-2.785
2.555,2.385,2.042,-2.597,-2.957
2.398,2.614,1.675,-2.552,-2.960
2.558,2.430,1.521,-2.153,-2.939
2.570,2.654,1.641,-2.582,-2.812
2.248,2.037,1.661,-2.124,-2.583
3.020,2.644,1.436,-2.308,-2.861
2.253,2.617,1.409,-2.245,-2.856
2.503,2.622,1.242,-1.984,-3.028
2.497,2.629,1.603,-2.278,-2.921
2.420,3.157,0.904,-2.078,-3.014
2.304,2.521,1.598,-2.370,-2.668
2.690,2.905,1.322,-2.368,-2.652
2.514,2.997,1.328,-2.462,-2.763
2.744,2.422,1.161,-1.783,-2.774
2.576,3.047,1.504,-2.502,-3.052
2.762,2.257,2.008,-2.300,-3.066
2.687,2.267,2.095,-2.400,-3.031
2.166,2.551,1.446,-2.116,-2.757
2.628,2.530,1.734,-2.271,-3.084
2.415,2.532,1.641,-2.242,-2.921
2.353,2.636,1.762,-2.393,-2.970
2.654,2.592,1.319,-1.890,-3.101
2.768,2.655,1.641,-2.198,-3.110
2.412,2.533,1.833,-2.416,-2.809
2.535,3.315,1.375,-2.472,-2.831
2.466,2.773,1.752,-2.366,-3.026
2.714,2.497,1.721,-2.109,-2.789
2.480,2.593,2.101,-2.557,-2.939
2.339,2.809,1.533,-2.071,-3.178
2.512,2.495,1.716,-2.132,-2.861
2.328,2.609,1.766,-2.228,-2.854
2.504,2.960,1.477,-2.171,-2.846
2.759,2.838,1.831,-2.472,-2.585
2.092,2.728,1.554,-2.260,-2.731
2.471,2.906,1.777,-2.499,-2.664
2.508,2.841,1.702,-2.187,-3.097
2.796,2.554,1.801,-2.251,-2.991
2.402,2.672,1.966,-2.283,-2.795
2.381,2.135,1.924,-1.868,-2.917
2.206,2.398,1.916,-2.138,-2.627
2.605,2.274,2.341,-2.352,-3.131
2.692,2.521,1.997,-2.365,-2.616
2.356,2.671,2.042,-2.346,-2.848
2.335,2.719,1.415,-1.952,-2.699
2.428,2.815,2.212,-2.583,-2.781
2.619,2.452,1.364,-1.928,-2.220
2.713,2.941,2.114,-2.448,-2.900
2.300,2.843,1.949,-2.304,-2.936
2.789,2.856,1.813,-2.184,-2.984
2.196,2.664,2.013,-2.199,-2.896
2.479,2.770,2.061,-2.311,-2.837
2.867,2.386,1.637,-1.842,-2.758
2.304,2.931,1.730,-2.342,-2.410
2.083,3.070,1.711,-2.069,-3.056
2.758,3.069,1.811,-2.079,-3.329
2.532,2.572,2.000,-2.139,-2.856
2.479,2.807,2.085,-2.305,-3.034
2.444,2.900,2.344,-2.510,-3.106
2.596,2.797,2.200,-2.223,-3.249
2.914,2.483,1.889,-1.823,-3.064
2.226,2.263,1.957,-2.016,-2.554
2.870,2.929,2.096,-2.418,-2.742
2.592,2.755,0.990,-1.499,-2.438
2.013,2.406,2.472,-2.417,-2.630
2.672,2.657,2.481,-2.316,-3.193
2.424,2.863,1.778,-1.980,-2.877
2.540,2.869,1.799,-1.983,-2.808
2.711,2.730,1.981,-1.994,-2.770
2.262,2.746,1.965,-2.082,-2.862
2.636,2.797,1.714,-1.870,-2.777
2.252,2.958,1.815,-2.145,-2.698
2.420,2.743,1.775,-1.842,-2.986
2.578,2.583,2.162,-2.138,-2.919
2.171,2.766,1.951,-1.870,-3.030
2.034,2.338,1.816,-1.895,-2.285
2.410,2.731,2.277,-2.130,-3.049
2.829,2.907,2.429,-2.341,-3.040
2.579,2.954,1.746,-1.931,-2.785
2.375,2.718,2.327,-2.179,-3.044
2.100,2.854,2.256,-2.211,-2.814
2.540,2.912,2.467,-2.326,-2.886
2.487,2.285,1.983,-1.685,-2.694
2.681,2.985,1.965,-1.977,-2.893
2.438,2.698,2.050,-2.076,-2.710
2.115,3.030,1.578,-1.674,-2.905
2.683,2.587,2.062,-1.858,-2.653
2.381,2.560,2.116,-1.949,-2.594
2.482,2.785,2.103,-2.053,-2.641
2.305,2.950,2.193,-2.006,-3.179
2.619,2.789,2.226,-2.020,-2.738
2.408,3.140,2.111,-2.225,-2.774
2.242,2.980,2.221,-2.009,-2.939
2.380,2.835,1.833,-1.725,-2.610
2.493,2.612,2.458,-1.982,-3.028
2.649,2.419,2.183,-1.902,-2.601
2.797,2.053,2.569,-1.938,-2.799
2.193,2.892,1.964,-1.867,-2.632
2.177,2.890,1.856,-1.887,-2.607
2.496,2.898,2.364,-1.786,-3.326
2.395,2.598,2.515,-2.040,-2.788
2.092,2.739,2.127,-2.140,-2.207
2.411,2.531,2.112,-1.845,-2.641
2.273,2.855,2.570,-2.281,-2.668
2.597,2.797,2.267,-2.021,-2.642
2.157,2.999,2.765,-2.300,-3.047
2.996,2.951,2.502,-2.042,-3.116
2.192,2.795,2.571,-2.206,-2.784
2.211,2.878,2.316,-2.023,-2.626
2.467,2.666,2.245,-1.644,-2.926
2.370,2.582,2.151,-1.785,-2.542
2.443,3.062,2.637,-2.111,-3.037
2.007,3.122,2.414,-2.200,-2.715
2.756,2.595,2.771,-2.148,-2.737
2.859,2.490,2.314,-1.663,-2.865
2.458,2.406,2.392,-1.924,-2.527
2.620,2.766,2.537,-2.014,-2.665
2.866,2.672,2.375,-1.790,-2.682
2.188,3.016,2.823,-2.063,-3.147
2.792,2.987,2.347,-1.832,-2.901
2.307,2.555,2.835,-1.832,-3.129
2.416,2.551,2.526,-1.743,-2.876
2.602,2.812,1.985,-1.719,-2.507
2.570,3.094,2.226,-1.854,-2.661
2.444,3.211,2.165,-1.609,-2.996
2.387,2.756,2.296,-1.701,-2.892
2.321,3.315,2.046,-1.756,-2.772
2.769,2.972,2.181,-1.681,-2.974
2.850,2.949,1.992,-1.631,-2.728
2.284,3.150,2.681,-2.105,-2.826
2.659,2.517,2.639,-1.780,-2.729
2.160,2.621,2.332,-1.663,-2.763
2.390,2.197,2.415,-1.555,-2.407
2.764,2.965,2.358,-1.860,-2.613
2.314,2.675,2.501,-1.654,-2.867
2.954,2.668,2.327,-1.400,-2.991
2.496,2.419,2.671,-1.386,-3.326
2.619,2.721,1.990,-1.411,-2.690
2.229,2.983,1.838,-1.320,-2.862
2.808,2.902,3.118,-2.002,-3.043
2.591,2.831,2.450,-1.729,-2.683
2.696,3.059,2.352,-1.650,-2.925
2.448,2.958,2.451,-1.651,-2.971
2.749,3.178,2.484,-1.991,-2.574
2.252,2.543,2.380,-1.588,-2.543
2.456,2.472,2.859,-1.716,-2.780
2.714,2.728,2.499,-1.493,-3.032
2.490,2.659,2.839,-1.805,-2.675
2.805,2.925,2.517,-1.678,-2.644
1.972,2.162,2.581,-1.412,-2.373
2.503,2.959,2.536,-1.830,-2.565
2.829,2.447,2.521,-1.500,-2.641
2.671,2.572,2.204,-1.413,-2.660
2.209,2.723,2.609,-1.543,-2.750
2.535,2.815,3.012,-1.916,-2.754
1.949,2.859,2.341,-1.480,-2.774
2.086,2.768,2.746,-1.685,-2.762
2.210,2.907,2.693,-1.650,-2.926
2.802,2.676,2.554,-1.681,-2.472
2.663,2.956,2.527,-1.705,-2.603
2.487,3.042,2.555,-1.538,-3.052
2.483,3.048,2.112,-1.625,-2.408
2.709,3.184,2.188,-1.355,-2.911
2.219,2.828,3.242,-1.890,-2.965
2.593,2.705,2.641,-1.588,-2.498
2.237,3.064,2.754,-1.622,-3.113
2.242,2.233,2.340,-1.216,-2.550
2.547,2.596,2.161,-1.328,-2.299
2.156,2.646,1.888,-1.247,-2.357
2.769,2.815,2.603,-1.576,-2.731
2.360,2.914,2.977,-1.819,-2.608
2.565,2.912,2.741,-1.472,-2.763
2.529,3.119,2.780,-1.806,-2.423
2.309,2.783,2.353,-1.181,-2.852
2.023,2.646,2.714,-1.433,-2.811
2.639,2.567,3.060,-1.582,-2.682
2.137,2.707,2.754,-1.396,-2.971
2.302,2.743,2.551,-1.501,-2.572
2.562,2.894,2.826,-1.613,-2.912
2.476,2.706,2.695,-1.625,-2.436
2.293,2.628,2.396,-1.366,-2.496
2.599,2.051,3.134,-1.511,-2.671
2.218,2.197,2.936,-1.379,-2.552
2.499,2.940,3.072,-1.693,-2.673
2.533,2.776,2.784,-1.391,-2.859
2.387,2.624,2.655,-1.402,-2.480
2.180,2.713,1.997,-1.135,-2.430
2.442,2.698,2.206,-1.141,-2.434
2.234,3.129,2.527,-1.405,-2.692
2.154,2.890,2.925,-1.581,-2.594
2.906,2.674,2.451,-1.323,-2.457
2.659,2.974,2.882,-1.426,-2.825
2.940,2.579,2.316,-1.135,-2.620
2.113,2.298,2.475,-1.346,-2.237
2.461,2.820,2.843,-1.606,-2.407
2.780,2.403,3.086,-1.344,-2.685
2.737,1.839,2.934,-1.113,-2.622
2.401,3.417,2.399,-1.248,-2.842
1.931,2.504,2.147,-0.951,-2.495
2.235,2.840,2.985,-1.465,-2.753
2.611,2.873,2.943,-1.414,-2.820
2.060,2.669,3.008,-1.307,-2.751
2.446,2.727,2.575,-1.517,-2.129
3.395,2.620,2.997,-1.547,-2.511
2.895,2.890,2.990,-1.510,-2.571
1.937,2.506,2.709,-1.016,-2.837
2.449,2.833,3.010,-1.303,-2.947
2.435,3.119,2.780,-1.574,-2.450
2.268,2.481,2.321,-1.041,-2.356
2.201,2.860,2.842,-1.349,-2.482
2.676,2.794,2.905,-1.312,-2.648
2.500,2.636,2.406,-1.132,-2.390
2.435,2.451,2.892,-1.331,-2.557
2.546,2.253,2.817,-1.266,-2.305
2.528,3.174,2.941,-1.508,-2.668
2.613,2.985,2.180,-1.060,-2.365
1.582,2.631,2.811,-1.413,-2.223
3.104,2.942,2.870,-1.352,-2.568
2.201,2.744,3.087,-1.616,-2.212
2.480,2.661,2.750,-1.061,-2.711
2.573,3.112,3.469,-1.732,-2.711
2.340,3.288,2.739,-1.263,-2.659
2.214,3.057,3.102,-1.393,-2.686
2.097,2.441,2.674,-1.218,-2.424
2.459,2.454,3.309,-1.133,-2.813
2.462,2.699,3.036,-1.230,-2.745
2.592,2.854,3.054,-1.355,-2.568
2.477,2.842,2.512,-1.174,-2.496
1.947,2.026,2.870,-1.016,-2.408
2.443,3.179,3.034,-1.365,-2.670
2.896,2.881,3.165,-1.494,-2.491
1.991,2.868,2.489,-1.169,-2.317
2.740,2.641,2.680,-1.171,-2.309
2.408,3.492,3.121,-1.393,-2.699
3.278,3.302,2.450,-1.132,-2.316
2.220,2.426,2.130,-0.904,-2.023
2.809,2.710,2.600,-0.943,-2.628
1.943,2.529,2.604,-1.063,-2.222
2.709,2.842,3.115,-1.366,-2.314
1.895,2.233,2.131,-0.998,-1.823
2.346,2.688,3.121,-1.479,-2.239
1.910,2.368,2.550,-0.916,-2.357
2.240,3.321,2.460,-1.178,-2.277
3.382,2.709,3.123,-1.092,-2.790
2.561,2.940,2.912,-1.187,-2.359
2.139,2.832,2.594,-1.000,-2.392
1.905,2.043,2.238,-0.990,-1.827
2.428,2.638,3.540,-1.492,-2.319
1.894,2.734,2.711,-1.209,-2.166
2.158,2.176,1.979,-0.808,-2.010
1.791,1.796,1.890,-0.602,-1.867
1.655,2.312,3.467,-0.849,-3.110
2.045,2.927,2.456,-0.918,-2.200
2.186,2.517,3.170,-1.078,-2.568
1.980,2.898,3.192,-1.417,-2.146
2.495,2.689,3.021,-1.031,-2.608
2.632,2.849,3.024,-1.107,-2.525
2.648,2.921,3.009,-1.138,-2.483
2.094,2.430,2.909,-1.228,-2.174
2.906,2.615,3.383,-1.046,-2.756
2.078,2.894,2.577,-1.195,-2.118
2.279,2.886,2.889,-1.054,-2.407
2.192,2.969,2.643,-0.721,-2.618
2.442,2.898,3.163,-1.414,-2.188
2.784,3.088,2.790,-1.189,-2.155
2.187,3.098,3.149,-1.172,-2.519
2.997,2.787,2.803,-1.015,-2.348
1.931,2.517,2.410,-1.051,-1.828
1.896,2.655,2.382,-1.201,-1.752
2.267,2.752,2.029,-0.903,-1.876
2.419,2.741,2.880,-0.979,-2.370
1.954,3.008,3.153,-1.311,-2.233
2.124,2.649,2.810,-1.009,-2.296
2.648,3.129,3.130,-1.099,-2.461
2.480,2.604,3.202,-1.355,-1.979
1.996,2.522,2.955,-1.271,-2.038
2.326,2.090,2.660,-0.786,-2.169
3.060,2.891,2.418,-1.058,-1.838
2.450,2.802,2.661,-0.941,-2.227
2.043,2.087,3.337,-1.045,-2.325
2.577,2.459,2.396,-0.999,-1.827
2.241,3.220,3.490,-1.254,-2.379
2.728,2.611,2.710,-0.919,-2.075
2.724,3.065,3.347,-1.336,-2.187
2.217,2.352,3.054,-1.166,-1.984
2.210,3.107,2.432,-0.908,-1.964
2.120,2.880,2.300,-0.911,-1.969
1.918,2.069,2.574,-0.766,-2.192
2.702,2.728,3.202,-0.849,-2.433
2.411,2.266,2.588,-0.974,-1.810
2.236,2.963,2.649,-0.840,-2.149
2.498,2.329,2.072,-0.880,-1.661
2.472,2.653,3.274,-0.826,-2.685
2.256,2.250,2.814,-0.940,-1.932
2.585,3.572,3.165,-0.814,-2.769
2.588,2.825,3.645,-0.986,-2.597
2.104,3.031,3.451,-1.272,-2.056
2.639,2.826,2.724,-1.049,-2.024
1.997,1.870,2.328,-0.834,-1.638
1.925,2.365,2.378,-0.800,-1.880
2.629,3.270,2.884,-1.077,-2.241
2.279,2.507,2.655,-0.987,-1.737
1.856,2.180,2.649,-0.887,-1.861
2.228,3.140,3.340,-1.179,-2.159
2.764,2.922,2.808,-0.765,-2.343
1.694,2.623,2.310,-0.846,-1.764
2.172,2.063,2.655,-0.845,-1.855
1.719,2.156,2.405,-1.003,-1.465
1.881,2.347,2.699,-0.909,-1.886
1.799,2.726,2.457,-0.673,-1.942
3.006,2.733,3.754,-0.963,-2.540
2.259,2.615,3.235,-0.878,-2.305
2.498,2.715,2.867,-0.848,-2.016
2.991,2.937,3.051,-0.868,-2.185
1.521,3.155,3.187,-0.631,-2.713
2.798,3.356,3.277,-0.976,-2.373
1.944,2.225,2.892,-0.782,-2.116
2.345,3.148,3.077,-0.892,-2.401
3.252,2.416,2.622,-0.695,-1.816
2.059,2.018,2.045,-0.628,-1.494
2.188,2.712,2.753,-0.795,-2.123
1.959,2.258,2.855,-0.963,-1.804
2.522,2.760,2.650,-0.496,-2.202
2.461,2.717,2.821,-0.705,-2.055
2.272,2.524,3.043,-0.771,-2.089
1.972,3.260,3.370,-1.104,-2.237
1.655,2.138,2.557,-0.870,-1.770
2.168,2.618,2.353,-0.673,-1.760
2.064,2.287,3.183,-0.941,-1.884
1.872,2.185,1.954,-0.611,-1.486
1.426,2.220,2.471,-0.730,-1.660
2.014,2.387,2.696,-0.623,-2.131
1.848,2.109,2.615,-0.786,-1.689
2.678,2.242,3.169,-0.719,-1.952
2.168,2.413,3.443,-0.916,-2.066
2.092,2.592,2.456,-0.789,-1.736
1.662,2.315,2.485,-0.748,-1.396
2.441,2.799,3.272,-0.846,-2.080
1.880,1.818,2.765,-0.524,-1.797
2.074,2.274,2.776,-0.730,-1.896
1.566,2.953,3.110,-0.855,-1.973
2.121,2.583,2.664,-0.766,-2.022
2.278,2.251,3.222,-1.150,-1.601
2.572,2.423,2.490,-0.937,-1.416
2.366,2.801,2.033,-0.624,-1.627
2.217,2.044,2.311,-0.572,-1.677
2.063,2.856,2.767,-0.911,-1.766
1.964,2.201,2.554,-0.785,-1.465
2.084,2.455,2.579,-0.370,-2.209
2.354,2.385,2.785,-0.636,-2.058
2.602,3.358,2.656,-0.783,-1.911
2.538,2.697,2.875,-0.727,-1.910
2.286,2.551,2.301,-0.699,-1.595
2.263,2.118,2.255,-0.586,-1.511
2.562,1.923,3.275,-0.703,-1.938
2.212,2.054,3.156,-0.714,-1.742
2.707,2.616,3.421,-0.865,-2.000
2.075,2.283,3.016,-0.723,-1.893
2.086,2.442,3.375,-0.724,-2.040
1.413,1.416,2.351,-0.671,-1.150
2.024,2.253,3.614,-0.790,-2.005
1.738,1.915,1.574,-0.590,-1.178
1.589,1.874,1.727,-0.434,-1.334
2.125,2.761,2.954,-0.747,-1.654
1.534,2.232,2.481,-0.454,-1.698
1.510,1.827,2.503,-0.552,-1.494
1.528,1.530,1.791,-0.388,-1.099
1.877,2.393,2.961,-0.827,-1.547
1.098,2.019,1.900,-0.694,-1.105
1.642,1.931,1.475,-0.674,-0.978
1.932,2.341,2.596,-0.568,-1.639
1.805,1.779,2.093,-0.543,-1.212
2.707,2.761,2.403,-0.664,-1.686
1.543,1.882,1.779,-0.457,-1.172
1.476,1.906,2.877,-0.570,-1.872
1.987,2.843,2.919,-0.886,-1.689
2.545,2.887,3.018,-0.671,-1.929
2.104,2.927,2.869,-0.787,-1.709
1.885,2.597,2.616,-0.703,-1.495
1.595,2.311,2.477,-0.732,-1.419
2.625,2.727,2.841,-0.652,-1.856
1.800,2.377,2.236,-0.662,-1.328
1.324,1.724,1.469,-0.324,-1.252
2.283,2.506,2.471,-0.512,-1.752
1.604,1.847,2.569,-0.513,-1.592
1.033,1.458,1.232,-0.335,-1.015
2.074,2.781,2.392,-0.629,-1.461
1.935,1.966,2.049,-0.411,-1.405
2.242,2.797,2.902,-0.721,-1.737
1.595,2.515,2.426,-0.372,-1.707
1.139,2.817,2.478,-0.408,-1.878
1.988,1.795,2.749,-0.468,-1.671
1.154,1.907,1.838,-0.570,-1.225
1.386,1.394,1.955,-0.360,-1.135
2.072,2.048,2.402,-0.745,-1.119
1.760,2.166,2.996,-0.693,-1.614
2.058,2.356,2.854,-0.902,-1.234
2.040,1.962,2.890,-0.535,-1.615
2.307,2.776,2.960,-0.559,-1.909
2.226,2.076,2.965,-0.434,-1.781
1.854,2.288,2.866,-0.466,-1.708
2.442,3.290,3.109,-0.499,-1.959
2.126,1.852,2.943,-0.583,-1.440
2.575,2.032,2.808,-0.646,-1.401
2.019,2.090,2.346,-0.560,-1.425
1.944,2.122,1.761,-0.445,-1.287
3.060,2.592,3.710,-0.847,-1.807
1.697,3.013,3.076,-0.808,-1.488
1.187,1.428,2.677,-0.487,-1.432
1.564,2.411,2.358,-0.596,-1.393
1.641,2.710,2.706,-0.566,-1.510
1.894,2.427,2.611,-0.453,-1.647
1.773,2.008,2.551,-0.535,-1.262
1.028,1.616,2.276,-0.446,-1.220
1.926,2.104,2.328,-0.579,-1.336
1.738,2.257,2.428,-0.425,-1.421
1.940,2.409,2.734,-0.442,-1.528
1.049,1.283,1.130,-0.457,-0.566
1.801,1.939,2.308,-0.444,-1.284
1.380,1.930,1.864,-0.654,-0.898
2.375,3.388,3.473,-0.788,-1.778
1.722,1.597,2.146,-0.561,-1.008
1.694,2.121,2.675,-0.692,-1.309
1.929,2.212,2.641,-0.331,-1.644
1.960,2.072,2.237,-0.416,-1.417
2.027,2.827,3.066,-0.934,-1.222
1.505,2.264,2.849,-0.620,-1.327
0.818,1.257,1.523,-0.513,-0.642
2.427,2.926,3.427,-0.561,-1.887
2.059,2.859,2.791,-0.568,-1.447
1.674,1.691,1.343,-0.205,-1.079
1.446,2.444,2.685,-0.596,-1.424
2.412,2.576,3.412,-0.545,-1.605
2.164,2.580,2.639,-0.492,-1.312
1.956,2.136,2.735,-0.630,-1.391
1.607,2.231,2.515,-0.542,-1.224
2.332,2.608,2.323,-0.393,-1.344
1.374,1.716,1.648,-0.464,-0.827
2.238,2.565,2.512,-0.487,-1.407
1.487,2.401,1.117,-0.431,-0.887
